<?xml version="1.0" encoding="UTF-8"?>
<beans xmlns:xsi="http://www.w3.org/2001/XMLSchema-instance"
    xmlns="http://www.springframework.org/schema/beans"
    xmlns:context="http://www.springframework.org/schema/context"
    xmlns:mvc="http://www.springframework.org/schema/mvc"
    xsi:schemaLocation="http://www.springframework.org/schema/beans 
    	http://www.springframework.org/schema/beans/spring-beans-5.3.3.xsd
    	http://www.springframework.org/schema/context 
    	http://www.springframework.org/schema/context/spring-context-5.3.3.xsd
    	http://www.springframework.org/schema/mvc
        http://www.springframework.org/schema/mvc/spring-mvc-5.3.3.xsd" >
        
	<context:component-scan base-package="com.springmvc.controllers"/>
    <mvc:annotation-driven/>
    
    <bean id = "viewResolver"
          class = "org.springframework.web.servlet.view.InternalResourceViewResolver">
          <property name="prefix">
          	<value>/WEB-INF/</value>
          </property>
          <property name="suffix">
          	<value>.jsp</value>
          </property>
    </bean>    
</beans>