<beans xmlns="http://www.springframework.org/schema/beans"
	xmlns:context="http://www.springframework.org/schema/context"
	xmlns:xsi="http://www.w3.org/2001/XMLSchema-instance"
	xmlns:mvc="http://www.springframework.org/schema/mvc"
	xsi:schemaLocation="
        http://www.springframework.org/schema/beans     
        http://www.springframework.org/schema/beans/spring-beans.xsd
        http://www.springframework.org/schema/context 
        http://www.springframework.org/schema/context/spring-context.xsd
        http://www.springframework.org/schema/mvc
        http://www.springframework.org/schema/mvc/spring-mvc.xsd">
  
 
<!-- <bean	id="HandlerMapping"  class="org.springframework.web.servlet.handler.BeanNameUrlHandlerMapping"/>
	
 <bean name="/welcome.html" class="com.gontuseries.hellocontroller.HelloController" /> -->
 
 <context:component-scan base-package="com.springmvc.controller" />
  <mvc:annotation-driven/>

	<mvc:resources mapping="/resources/**" location="/WEB-INF/" />


  <bean id="viewResolver"
    	class="org.springframework.web.servlet.view.InternalResourceViewResolver" >
        <property name="prefix">
            <value>/WEB-INF/</value>
        </property>
        <property name="suffix">
            <value>.jsp</value>
        </property>
 </bean>
</beans>